<application>
  <component name="LocalDatabaseDriverManager" version="201">
    <driver id="h2.unified">
      <artifact id="H2" name="H2" use="true" version="2.1.210" />
    </driver>
    <driver id="mongo">
      <artifact id="MongoDB" name="MongoDB" use="true" version="1.18" />
    </driver>
    <driver id="mysql.8">
      <artifact id="MySQL Connector/J" name="MySQL Connector/J" use="true" version="8.2.0" />
    </driver>
    <driver id="oracle.19">
      <artifact id="Oracle" name="Oracle" use="true" version="21.5.0.0" />
    </driver>
    <driver id="postgresql">
      <artifact id="PostgreSQL" name="PostgreSQL" use="true" version="42.7.3" />
    </driver>
    <driver id="redis">
      <artifact id="Redis" name="Redis" use="true" version="1.5" />
    </driver>
    <driver id="sqlite.xerial">
      <artifact id="Xerial SQLiteJDBC" name="Xerial SQLiteJDBC" use="true" version="3.45.1" />
    </driver>
  </component>
</application>