<application>
  <component name="SettingsSyncSettings">
    <option name="disabledSubcategories">
      <map>
        <entry key="PLUGINS">
          <value>
            <list>
              <option value="Pythonid" />
              <option value="com.gmike.visual-studio-2019-dark" />
              <option value="com.zeekbtye.tokyonight" />
              <option value="github.cweijan.test-theme" />
              <option value="org.franciscode.moonlight-jetbrains-theme" />
            </list>
          </value>
        </entry>
      </map>
    </option>
    <option name="migrationFromOldStorageChecked" value="true" />
    <option name="syncEnabled" value="true" />
  </component>
</application>