<application>
  <component name="CachedDictionaryState">
    <words>
      <w>monthlyของเดือนที่ไม่มี</w>
      <w>กำหนด</w>
      <w>ข้อมูล</w>
      <w>ข้อมูลของ</w>
      <w>ความเหมือนกัน</w>
      <w>จำนวน</w>
      <w>ดึงข้อมูล</w>
      <w>ดึงข้อมูลจาก</w>
      <w>ถ้าไม่มีจะสร้างใหม่</w>
      <w>ที่เก็บ</w>
      <w>ที่เหมือนกัน</w>
      <w>สร้าง</w>
      <w>สำหรับ</w>
      <w>สำหรับข้อมูลของ</w>
      <w>สำหรับใช้ข้อมูลของ</w>
      <w>ส่งไป</w>
      <w>เข้า</w>
      <w>เช็คว่ามี</w>
      <w>เป็น</w>
      <w>เพิ่ม</w>
      <w>เพิ่มให้</w>
      <w>แบ่งข้อมูล</w>
      <w>และชื่อ</w>
      <w>แล้ว</w>
      <w>โดยใช้</w>
      <w>ในกรณีที่มี</w>
      <w>ใหม่</w>
      <w>ไม่มีจะสร้าง</w>
    </words>
  </component>
</application>