<application>
  <component name="Trusted.Paths">
    <option name="TRUSTED_PROJECT_PATHS">
      <map>
        <entry key="$USER_HOME$" value="true" />
        <entry key="$USER_HOME$/IdeaProjects/react-admin" value="true" />
        <entry key="$APPLICATION_CONFIG_DIR$/light-edit" value="true" />
        <entry key="$USER_HOME$/Library/Caches/JetBrains/IntelliJIdea2024.1/demo/IdeaLearningProject" value="true" />
        <entry key="$USER_HOME$/dev/GolandProjects/anime-portal-be-ddd" value="true" />
        <entry key="$USER_HOME$/dev/GolandProjects/ddd-go" value="true" />
        <entry key="$USER_HOME$/dev/GolandProjects/ddd-travern" value="true" />
        <entry key="$USER_HOME$/dev/GolandProjects/learnGo" value="true" />
        <entry key="$USER_HOME$/dev/GolandProjects/rest-api-tutorial" value="true" />
        <entry key="$USER_HOME$/dev/IdeaProjects/Design_Pattern" value="true" />
        <entry key="$USER_HOME$/dev/IdeaProjects/ai-recruiting-bff" value="true" />
        <entry key="$USER_HOME$/dev/IdeaProjects/ai-recruiting-bff/ai-recruiting-bff" value="true" />
        <entry key="$USER_HOME$/dev/IdeaProjects/ai-recruiting-service" value="true" />
        <entry key="$USER_HOME$/dev/IdeaProjects/around-the-world" value="true" />
        <entry key="$USER_HOME$/dev/IdeaProjects/around-the-world/BE" value="true" />
        <entry key="$USER_HOME$/dev/IdeaProjects/around-the-world/FE" value="true" />
        <entry key="$USER_HOME$/dev/IdeaProjects/ben-batch-service" value="true" />
        <entry key="$USER_HOME$/dev/IdeaProjects/booking-system" value="true" />
        <entry key="$USER_HOME$/dev/IdeaProjects/brightkut" value="true" />
        <entry key="$USER_HOME$/dev/IdeaProjects/code-challenge" value="true" />
        <entry key="$USER_HOME$/dev/IdeaProjects/coder-ai" value="true" />
        <entry key="$USER_HOME$/dev/IdeaProjects/coders-ai" value="true" />
        <entry key="$USER_HOME$/dev/IdeaProjects/coders-langchain-crash-course" value="true" />
        <entry key="$USER_HOME$/dev/IdeaProjects/demo" value="true" />
        <entry key="$USER_HOME$/dev/IdeaProjects/demo1" value="true" />
        <entry key="$USER_HOME$/dev/IdeaProjects/e-commerce-app-springboot" value="true" />
        <entry key="$USER_HOME$/dev/IdeaProjects/e-commerce-springboot" value="true" />
        <entry key="$USER_HOME$/dev/IdeaProjects/e-commerce-springboot/app/config-server" value="true" />
        <entry key="$USER_HOME$/dev/IdeaProjects/e-commerce-springboot/app/customer" value="true" />
        <entry key="$USER_HOME$/dev/IdeaProjects/e-commerce-springboot/app/discovery" value="true" />
        <entry key="$USER_HOME$/dev/IdeaProjects/e-commerce-springboot/app/gateway" value="true" />
        <entry key="$USER_HOME$/dev/IdeaProjects/e-commerce-springboot/app/notification" value="true" />
        <entry key="$USER_HOME$/dev/IdeaProjects/e-commerce-springboot/app/order" value="true" />
        <entry key="$USER_HOME$/dev/IdeaProjects/e-commerce-springboot/app/payment" value="true" />
        <entry key="$USER_HOME$/dev/IdeaProjects/e-commerce-springboot/app/product" value="true" />
        <entry key="$USER_HOME$/dev/IdeaProjects/ez-life" value="true" />
        <entry key="$USER_HOME$/dev/IdeaProjects/first-app" value="true" />
        <entry key="$USER_HOME$/dev/IdeaProjects/geekific-youtube" value="true" />
        <entry key="$USER_HOME$/dev/IdeaProjects/gptx" value="true" />
        <entry key="$USER_HOME$/dev/IdeaProjects/hello-world" value="true" />
        <entry key="$USER_HOME$/dev/IdeaProjects/human-service" value="true" />
        <entry key="$USER_HOME$/dev/IdeaProjects/icds-batch" value="true" />
        <entry key="$USER_HOME$/dev/IdeaProjects/kafka-learning-udemy" value="true" />
        <entry key="$USER_HOME$/dev/IdeaProjects/kafka-learning-udemy/kafka-consumer" value="true" />
        <entry key="$USER_HOME$/dev/IdeaProjects/kafka-learning-udemy/kafka-learning-udemy" value="true" />
        <entry key="$USER_HOME$/dev/IdeaProjects/kafka-learning-udemy/kafka-producer" value="true" />
        <entry key="$USER_HOME$/dev/IdeaProjects/langchain-crash-course" value="true" />
        <entry key="$USER_HOME$/dev/IdeaProjects/learn-k8s" value="true" />
        <entry key="$USER_HOME$/dev/IdeaProjects/learn-mvn-archetype" value="true" />
        <entry key="$USER_HOME$/dev/IdeaProjects/learn-portfolio-threejs" value="true" />
        <entry key="$USER_HOME$/dev/IdeaProjects/learn-rust" value="true" />
        <entry key="$USER_HOME$/dev/IdeaProjects/loner-v2" value="true" />
        <entry key="$USER_HOME$/dev/IdeaProjects/loner-v2/loner-v2" value="true" />
        <entry key="$USER_HOME$/dev/IdeaProjects/loner-web" value="true" />
        <entry key="$USER_HOME$/dev/IdeaProjects/lonerV2" value="true" />
        <entry key="$USER_HOME$/dev/IdeaProjects/mine-vim/hyper" value="true" />
        <entry key="$USER_HOME$/dev/IdeaProjects/mynativeimageapp" value="true" />
        <entry key="$USER_HOME$/dev/IdeaProjects/nbtc-icds-app" value="true" />
        <entry key="$USER_HOME$/dev/IdeaProjects/poc-java" value="true" />
        <entry key="$USER_HOME$/dev/IdeaProjects/portfolio-website" value="true" />
        <entry key="$USER_HOME$/dev/IdeaProjects/practice-css" value="true" />
        <entry key="$USER_HOME$/dev/IdeaProjects/product-service" value="true" />
        <entry key="$USER_HOME$/dev/IdeaProjects/quarkus-learning" value="true" />
        <entry key="$USER_HOME$/dev/IdeaProjects/react-crash-course" value="true" />
        <entry key="$USER_HOME$/dev/IdeaProjects/restaurant-system" value="true" />
        <entry key="$USER_HOME$/dev/IdeaProjects/round-robbin-api" value="true" />
        <entry key="$USER_HOME$/dev/IdeaProjects/round-robbin-api/routing-api" value="true" />
        <entry key="$USER_HOME$/dev/IdeaProjects/round-robbin-api/simple-api" value="true" />
        <entry key="$USER_HOME$/dev/IdeaProjects/round-robbin2" value="true" />
        <entry key="$USER_HOME$/dev/IdeaProjects/sample-springboot" value="true" />
        <entry key="$USER_HOME$/dev/IdeaProjects/spring-boot-3-jwt-security" value="true" />
        <entry key="$USER_HOME$/dev/IdeaProjects/spring-cloud-data-flow/courier-service" value="true" />
        <entry key="$USER_HOME$/dev/IdeaProjects/spring-cloud-data-flow/discount-service" value="true" />
        <entry key="$USER_HOME$/dev/IdeaProjects/spring-cloud-data-flow/product-service" value="true" />
        <entry key="$USER_HOME$/dev/IdeaProjects/spring-data-jpa-course" value="true" />
        <entry key="$USER_HOME$/dev/IdeaProjects/springBatch" value="true" />
        <entry key="$USER_HOME$/dev/IdeaProjects/springJwt" value="true" />
        <entry key="$USER_HOME$/dev/IdeaProjects/springboot-kafka" value="true" />
        <entry key="$USER_HOME$/dev/IdeaProjects/springboot-kafka-real-world-project" value="true" />
        <entry key="$USER_HOME$/dev/IdeaProjects/springboot-learning" value="true" />
        <entry key="$USER_HOME$/dev/IdeaProjects/springboot-learning/ai" value="true" />
        <entry key="$USER_HOME$/dev/IdeaProjects/springboot-learning/caching" value="true" />
        <entry key="$USER_HOME$/dev/IdeaProjects/springboot-learning/concurrency" value="true" />
        <entry key="$USER_HOME$/dev/IdeaProjects/springboot-learning/demo" value="true" />
        <entry key="$USER_HOME$/dev/IdeaProjects/springboot-learning/jpa" value="true" />
        <entry key="$USER_HOME$/dev/IdeaProjects/springboot-learning/other" value="true" />
        <entry key="$USER_HOME$/dev/IdeaProjects/sso-app" value="true" />
        <entry key="$USER_HOME$/dev/IdeaProjects/sso-backend" value="true" />
        <entry key="$USER_HOME$/dev/IdeaProjects/test-git" value="true" />
        <entry key="$USER_HOME$/dev/IdeaProjects/untitled" value="true" />
        <entry key="$USER_HOME$/dev/IdeaProjects/untitled1" value="true" />
        <entry key="$USER_HOME$/dev/IdeaProjects/walley" value="true" />
        <entry key="$USER_HOME$/dev/IdeaProjects/walley-v2" value="true" />
        <entry key="$USER_HOME$/dev/IdeaProjects/zeldra" value="true" />
        <entry key="$USER_HOME$/dev/RubymineProjects/blog" value="true" />
        <entry key="$USER_HOME$/dev/WebstormProjects/anime-portal-backend" value="true" />
        <entry key="$USER_HOME$/dev/WebstormProjects/anime-portal-web" value="true" />
        <entry key="$USER_HOME$/dev/WebstormProjects/loner" value="true" />
        <entry key="$USER_HOME$/dev/WebstormProjects/loner-web" value="true" />
        <entry key="$USER_HOME$/dev/WebstormProjects/resume-website" value="true" />
        <entry key="$USER_HOME$/dev/anime-portal-frontend" value="true" />
        <entry key="$USER_HOME$/dev/ben-batch-service" value="true" />
        <entry key="$USER_HOME$/dev/brightkutTheme" value="true" />
        <entry key="$USER_HOME$/dev/copilot-pro-api" value="true" />
        <entry key="$USER_HOME$/dev/demo-archetype" value="true" />
        <entry key="$USER_HOME$/dev/implementing-ddd-with-spring-talk" value="true" />
        <entry key="$USER_HOME$/dev/learn-maven-archetype" value="true" />
        <entry key="$USER_HOME$/dev/product-service" value="true" />
        <entry key="$USER_HOME$/dev/product-svc" value="true" />
        <entry key="$USER_HOME$/dev/project_3D_developer_portfolio" value="true" />
        <entry key="$USER_HOME$/dev/sso-ben-approval" value="true" />
        <entry key="$USER_HOME$/dev/test-z" value="true" />
        <entry key="$USER_HOME$/dev/test-ze;" value="true" />
        <entry key="$USER_HOME$/dev/test-zeldra" value="true" />
        <entry key="$USER_HOME$/learn-kafka-udemy" value="true" />
      </map>
    </option>
  </component>
</application>