<application>
  <component name="DimensionService">
    <location key="find.popup.0.0.3024.1964@240dpi" x="996" y="254" />
    <location key="find.popup.0.0.5120.1440@120dpi" x="1541" y="0" />
    <location key="find.popup.-1748.-1440.5120.1440@120dpi" x="337" y="-1305" />
    <location key="find.popup.0.0.3024.1964@192dpi" x="996" y="254" />
    <location key="find.popup.0.0.5120.1440" x="1551" y="27" />
    <location key="find.popup.0.0.2560.1440" x="775" y="52" />
    <size key="GridCell.Tab.0.left.0.0.3024.1964@240dpi" width="2820" height="706" />
    <size key="GridCell.Tab.0.center.0.0.3024.1964@240dpi" width="2820" height="706" />
    <size key="GridCell.Tab.0.right.0.0.3024.1964@240dpi" width="2820" height="706" />
    <size key="GridCell.Tab.0.bottom.0.0.3024.1964@240dpi" width="2820" height="706" />
    <size key="GridCell.Tab.1.left.0.0.3024.1964@240dpi" width="2820" height="706" />
    <size key="GridCell.Tab.1.center.0.0.3024.1964@240dpi" width="2820" height="706" />
    <size key="GridCell.Tab.1.right.0.0.3024.1964@240dpi" width="2820" height="706" />
    <size key="GridCell.Tab.1.bottom.0.0.3024.1964@240dpi" width="2820" height="706" />
    <size key="find.popup.0.0.3024.1964@240dpi" width="1582" height="1324" />
    <size key="GridCell.Tab.2.left.0.0.3024.1964@240dpi" width="2820" height="702" />
    <size key="GridCell.Tab.2.center.0.0.3024.1964@240dpi" width="2820" height="702" />
    <size key="GridCell.Tab.2.right.0.0.3024.1964@240dpi" width="2820" height="702" />
    <size key="GridCell.Tab.2.bottom.0.0.3024.1964@240dpi" width="2820" height="702" />
    <size key="find.popup.0.0.5120.1440@120dpi" width="2726" height="1029" />
    <size key="GridCell.Tab.0.left.0.0.5120.1440@120dpi" width="1605" height="422" />
    <size key="GridCell.Tab.0.center.0.0.5120.1440@120dpi" width="1605" height="422" />
    <size key="GridCell.Tab.0.right.0.0.5120.1440@120dpi" width="1605" height="422" />
    <size key="GridCell.Tab.0.bottom.0.0.5120.1440@120dpi" width="1605" height="422" />
    <size key="GridCell.Tab.0.left.-1748.-1440.5120.1440@120dpi" width="1785" height="657" />
    <size key="GridCell.Tab.0.center.-1748.-1440.5120.1440@120dpi" width="1785" height="657" />
    <size key="GridCell.Tab.0.right.-1748.-1440.5120.1440@120dpi" width="1785" height="657" />
    <size key="GridCell.Tab.0.bottom.-1748.-1440.5120.1440@120dpi" width="1785" height="657" />
    <size key="GridCell.Tab.1.left.-1748.-1440.5120.1440@120dpi" width="2275" height="766" />
    <size key="GridCell.Tab.1.center.-1748.-1440.5120.1440@120dpi" width="2275" height="766" />
    <size key="GridCell.Tab.1.right.-1748.-1440.5120.1440@120dpi" width="2275" height="766" />
    <size key="GridCell.Tab.1.bottom.-1748.-1440.5120.1440@120dpi" width="2275" height="766" />
    <size key="find.popup.-1748.-1440.5120.1440@120dpi" width="791" height="762" />
    <size key="GridCell.Tab.0.left.0.0.3024.1964@192dpi" width="2156" height="910" />
    <size key="GridCell.Tab.0.center.0.0.3024.1964@192dpi" width="2156" height="910" />
    <size key="GridCell.Tab.0.right.0.0.3024.1964@192dpi" width="2156" height="910" />
    <size key="GridCell.Tab.0.bottom.0.0.3024.1964@192dpi" width="2156" height="910" />
    <size key="GridCell.Tab.1.left.0.0.3024.1964@192dpi" width="2156" height="910" />
    <size key="GridCell.Tab.1.center.0.0.3024.1964@192dpi" width="2156" height="910" />
    <size key="GridCell.Tab.1.right.0.0.3024.1964@192dpi" width="2156" height="910" />
    <size key="GridCell.Tab.1.bottom.0.0.3024.1964@192dpi" width="2156" height="910" />
    <size key="GridCell.Tab.2.left.0.0.3024.1964@192dpi" width="2156" height="910" />
    <size key="GridCell.Tab.2.center.0.0.3024.1964@192dpi" width="2156" height="910" />
    <size key="GridCell.Tab.2.right.0.0.3024.1964@192dpi" width="2156" height="910" />
    <size key="GridCell.Tab.2.bottom.0.0.3024.1964@192dpi" width="2156" height="910" />
    <size key="find.popup.0.0.3024.1964@192dpi" width="2028" height="1676" />
    <size key="find.popup.0.0.5120.1440" width="2686" height="1163" />
    <size key="GridCell.Tab.0.left.0.0.5120.1440" width="1863" height="668" />
    <size key="GridCell.Tab.0.center.0.0.5120.1440" width="1863" height="668" />
    <size key="GridCell.Tab.0.right.0.0.5120.1440" width="1863" height="668" />
    <size key="GridCell.Tab.0.bottom.0.0.5120.1440" width="1863" height="668" />
    <size key="GridCell.Tab.1.left.0.0.5120.1440" width="1863" height="668" />
    <size key="GridCell.Tab.1.center.0.0.5120.1440" width="1863" height="668" />
    <size key="GridCell.Tab.1.right.0.0.5120.1440" width="1863" height="668" />
    <size key="GridCell.Tab.1.bottom.0.0.5120.1440" width="1863" height="668" />
    <size key="GridCell.Tab.2.left.0.0.5120.1440" width="1137" height="668" />
    <size key="GridCell.Tab.2.center.0.0.5120.1440" width="1137" height="668" />
    <size key="GridCell.Tab.2.right.0.0.5120.1440" width="1137" height="668" />
    <size key="GridCell.Tab.2.bottom.0.0.5120.1440" width="1137" height="668" />
    <size key="GridCell.Tab.0.left.-1748.-1440.5120.1440" width="1137" height="635" />
    <size key="GridCell.Tab.0.center.-1748.-1440.5120.1440" width="1137" height="635" />
    <size key="GridCell.Tab.0.right.-1748.-1440.5120.1440" width="1137" height="635" />
    <size key="GridCell.Tab.0.bottom.-1748.-1440.5120.1440" width="1137" height="635" />
    <size key="GridCell.Tab.1.left.-1748.-1440.5120.1440" width="1137" height="635" />
    <size key="GridCell.Tab.1.center.-1748.-1440.5120.1440" width="1137" height="635" />
    <size key="GridCell.Tab.1.right.-1748.-1440.5120.1440" width="1137" height="635" />
    <size key="GridCell.Tab.1.bottom.-1748.-1440.5120.1440" width="1137" height="635" />
    <size key="find.popup.0.0.2560.1440" width="1345" height="1144" />
    <size key="GridCell.Tab.3.left.0.0.3024.1964@192dpi" width="2156" height="910" />
    <size key="GridCell.Tab.3.center.0.0.3024.1964@192dpi" width="2156" height="910" />
    <size key="GridCell.Tab.3.right.0.0.3024.1964@192dpi" width="2156" height="910" />
    <size key="GridCell.Tab.3.bottom.0.0.3024.1964@192dpi" width="2156" height="910" />
    <size key="GridCell.Tab.4.left.0.0.3024.1964@192dpi" width="2156" height="910" />
    <size key="GridCell.Tab.4.center.0.0.3024.1964@192dpi" width="2156" height="910" />
    <size key="GridCell.Tab.4.right.0.0.3024.1964@192dpi" width="2156" height="910" />
    <size key="GridCell.Tab.4.bottom.0.0.3024.1964@192dpi" width="2156" height="910" />
    <size key="GridCell.Tab.5.left.0.0.3024.1964@192dpi" width="2156" height="910" />
    <size key="GridCell.Tab.5.center.0.0.3024.1964@192dpi" width="2156" height="910" />
    <size key="GridCell.Tab.5.right.0.0.3024.1964@192dpi" width="2156" height="910" />
    <size key="GridCell.Tab.5.bottom.0.0.3024.1964@192dpi" width="2156" height="910" />
  </component>
  <component name="WindowManager">
    <frame x="0" y="37" width="1512" height="945" extendedState="6" fullScreen="true" />
  </component>
  <component name="WindowStateApplicationService">
    <state width="1138" height="694" key="ShowUsagesActions.dimensionServiceKey" timestamp="1744920992399">
      <screen x="0" y="38" width="1512" height="944" />
    </state>
    <state width="994" height="136" key="ShowUsagesActions.dimensionServiceKey/0.0.2560.1440" timestamp="1744442315702" />
    <state width="872" height="136" key="ShowUsagesActions.dimensionServiceKey/0.0.5120.1440" timestamp="1742225642572" />
    <state width="1030" height="136" key="ShowUsagesActions.dimensionServiceKey/0.32.1512.950" timestamp="1744448822039" />
    <state width="1138" height="694" key="ShowUsagesActions.dimensionServiceKey/0.38.1512.944" timestamp="1744920992399" />
    <state x="755" y="482" width="1001" height="776" key="WELCOME_SCREEN" timestamp="1744545469723">
      <screen x="0" y="32" width="1512" height="950" />
    </state>
    <state x="1280" y="676" width="1694" height="1183" key="WELCOME_SCREEN/0.0.2560.1440" timestamp="1744444379636" />
    <state x="2559" y="681" width="3387" height="1210" key="WELCOME_SCREEN/0.0.5120.1440" timestamp="1737632817740" />
    <state x="755" y="482" width="1001" height="776" key="WELCOME_SCREEN/0.32.1512.950" timestamp="1744545469723" />
  </component>
</application>